Название категории;URL категории;id родительской категории;URL родительской категории;Описание категории;Изображение;Заголовок [SEO];Ключевые слова [SEO];Описание [SEO];SEO Описание;Наценка;Не выводить в меню;Активность;Не выгружать в YML;Сортировка;Внешний идентификатор;id
Verto;verto;7;mezhkomnatnye-dveri-vinnica/;<div class='textwidget'><center><h3>О ФИРМЕ</h3></center>ООО Фабрика Дверей 'БудМайстер', один из крупнейших производителей межкомнатных дверей на территории Украины. Предприятие более 20 лет работает на рынке строительных столярных изделий, выпуская широкий ассортимент продукции под Торговой Маркой Verto. На сегодняшний день продукция Фабрики Дверей завоевала доверие покупателей на рынке межкомнатных дверей высоким качеством, современным дизайном и отличным соотношением цены – качества предлагаемой продукции.Фабрика Дверей входит в инвестиционно-производственную группу предприятий 'БудМайстер', что создает стабильную финансовую инфраструктуру Фабрики и гарантирует активное и динамичное развитие ТМ Verto на территории всей Украины и за ее пределами.</div><div class='textwidget'><center><h3>ПРОДУКЦИЯ</h3></center>Фабрика Дверей предлагает более 200 моделей межкомнатных дверей в пяти разных покрытиях с большим ассортиментом цветовой гаммы. Все модели дверей предлагаются в одностворчатом и двустворчатом исполнении, и могут быть изготовлены в нестандартных размерах.Помимо дверных полотен, Фабрика изготавливает дверные коробки, пороги, доборные планки и прочие аксессуары к дверным полотнам, обеспечивая покупателя необходимым ассортиментом при выборе продукции.Фабрика постоянно увеличивает объем производства, обновляя модельный ряд выпускаемой продукции, что делает ТМ Verto одну из наиболее прогрессирующих торговых марок в стране.</div><div class='textwidget'><h3 style='text-align: center'><span style='color: #ffffff'>КАЧЕСТВО</span></h3><p><span style='color: #ffffff'>Производство дверей базируется на применении зарубежных технологий. Автоматизированный процесс позволяет высококлассным специалистам контролировать качественные характеристики продукции на каждой стадии изготовления: от подбора материалов до получения продукции покупателем. Подтверждением этому факту является сертификат качества ISO 9001.</span><br><span style='color: #ffffff'>Продукция Фабрики дверей соответствует необходимым строительным требованиям, что подтверждается наличием сертификатов.</span></p></div><div class='panel-grid-cell' id='pgc-171-3-0'><div class='so-panel widget widget_black-studio-tinymce widget_black_studio_tinymce panel-first-child panel-last-child' id='panel-171-3-0-0' data-index='5'><div class='textwidget'><h3 style='text-align: center'>ДИСТРИБУЦИЯ</h3><p>Реализация продукции ТМ Verto осуществляется через дилерскую сеть из более 400 дилеров по территории всей Украины. Вся продукция представлена в выставочных салонах и магазинах, соответствующих требованиям ТМ Verto.<br>Фабрика Дверей постоянно развивает дилерскую сеть на территории Украины и за её приделами , а также сотрудничает с крупнейшими строительными и торговыми организациями. Благодаря активной работы дилеров с Авторизованными Магазинами, продукция ТМ Verto доступна на всей территории Украины.</p></div></div></div>;/uploads/verto.png;Купить межкомнатные двери Verto в Виннице;Межкомнатные двери Verto Винница, Verto двери в Виннице, Где купить Verto межкомнатные двери в Виннице, Магазины Verto дверей Винница, Verto двери цены Винница, Межкомнатные двери Verto Винницкая область, Verto двери продажа Винница, Двери Verto каталог Винница, Verto межкомнатные двери акции Винница, Verto двери отзывы Винница;<p><strong>Межкомнатные двери Verto</strong> - это превосходное сочетание стиля, качества и функциональности для вашего интерьера. В нашем ассортименте представлены двери, которые выделяются элегантным дизайном, разнообразием отделок и надежной конструкцией.</p><p>Независимо от ваших предпочтений, вы сможете найти идеальную дверь <strong>Verto</strong>, которая подходит к вашему интерьеру. Благодаря использованию высококачествных материалов и инновационных технологий, двери Verto обеспечивают долговечность, звукоизоляцию и защиту от влаги.</p><p>Выбирая <strong>Verto</strong>, вы инвестируете в комфорт и стиль вашего дома. Наши двери не только функциональны, но и придают вашему интерьеру утонченный вид. Переходите к <strong>Verto</strong> для того, чтобы создать идеальный дом.</p>;<p><strong>Межкомнатные двери Verto</strong> - это превосходное сочетание стиля, качества и функциональности для вашего интерьера. В нашем ассортименте представлены двери, которые выделяются элегантным дизайном, разнообразием отделок и надежной конструкцией.</p><p>Независимо от ваших предпочтений, вы сможете найти идеальную дверь <strong>Verto</strong>, которая подходит к вашему интерьеру. Благодаря использованию высококачествных материалов и инновационных технологий, двери Verto обеспечивают долговечность, звукоизоляцию и защиту от влаги.</p><p>Выбирая <strong>Verto</strong>, вы инвестируете в комфорт и стиль вашего дома. Наши двери не только функциональны, но и придают вашему интерьеру утонченный вид. Переходите к <strong>Verto</strong> для того, чтобы создать идеальный дом.</p>;0;0;1;1;1241;;1241
Классик;klassik;1241;verto/;Межкомнатные двери Verto Винница, Verto двери в Виннице, Где купить Verto межкомнатные двери в Виннице, Магазины Verto дверей Винница, Verto двери цены Винница, Межкомнатные двери Verto Винницкая область, Verto двери продажа Винница, Двери Verto каталог Винница, Verto межкомнатные двери акции Винница, Verto двери отзывы Винница;/uploads/интерьер-классик-300x300.jpg;Купить шпонированные двери Verto в Виннице;Verto Двери, двери с четвертью, купить двери Verto в Виннице;Вы можете купить межкомнатные двери Verto в Виннице по доступным ценам магазин DOOR IN ул. Замостянская 25.;Межкомнатные двери Verto Винница, Verto двери в Виннице, Где купить Verto межкомнатные двери в Виннице, Магазины Verto дверей Винница, Verto двери цены Винница, Межкомнатные двери Verto Винницкая область, Verto двери продажа Винница, Двери Verto каталог Винница, Verto межкомнатные двери акции Винница, Verto двери отзывы Винница;0;0;1;1;1242;;1242
Стандарт;standart;1241;verto/;Межкомнатные двери Verto Винница, Verto двери в Виннице, Где купить Verto межкомнатные двери в Виннице, Магазины Verto дверей Винница, Verto двери цены Винница, Межкомнатные двери Verto Винницкая область, Verto двери продажа Винница, Двери Verto каталог Винница, Verto межкомнатные двери акции Винница, Verto двери отзывы Винница;/uploads/стандарт-000-300x300.png;Купить шпонированные двери Verto в Виннице;Verto Двери, двери с четвертью, купить двери Verto в Виннице;Вы можете купить межкомнатные двери Verto в Виннице по доступным ценам магазин DOOR IN ул. Замостянская 25.;Межкомнатные двери Verto Винница, Verto двери в Виннице, Где купить Verto межкомнатные двери в Виннице, Магазины Verto дверей Винница, Verto двери цены Винница, Межкомнатные двери Verto Винницкая область, Verto двери продажа Винница, Двери Verto каталог Винница, Verto межкомнатные двери акции Винница, Verto двери отзывы Винница;0;0;1;1;1243;;1243
Купава;kupava;1241;verto/;Межкомнатные двери Verto Винница, Verto двери в Виннице, Где купить Verto межкомнатные двери в Виннице, Магазины Verto дверей Винница, Verto двери цены Винница, Межкомнатные двери Verto Винницкая область, Verto двери продажа Винница, Двери Verto каталог Винница, Verto межкомнатные двери акции Винница, Verto двери отзывы Винница;/uploads/Купава-интерьер-1-300x300.png;Купить шпонированные двери Verto в Виннице;Verto Двери, двери с четвертью, купить двери Verto в Виннице;Вы можете купить межкомнатные двери Verto в Виннице по доступным ценам магазин DOOR IN ул. Замостянская 25.;Межкомнатные двери Verto Винница, Verto двери в Виннице, Где купить Verto межкомнатные двери в Виннице, Магазины Verto дверей Винница, Verto двери цены Винница, Межкомнатные двери Verto Винницкая область, Verto двери продажа Винница, Двери Verto каталог Винница, Verto межкомнатные двери акции Винница, Verto двери отзывы Винница;0;0;1;1;1244;;1244
Геометрия;geometriya;1241;verto/;Межкомнатные двери Verto Винница, Verto двери в Виннице, Где купить Verto межкомнатные двери в Виннице, Магазины Verto дверей Винница, Verto двери цены Винница, Межкомнатные двери Verto Винницкая область, Verto двери продажа Винница, Двери Verto каталог Винница, Verto межкомнатные двери акции Винница, Verto двери отзывы Винница;/uploads/Геометрия-интерьер-300x300.png;Купить шпонированные двери Verto в Виннице;Verto Двери, двери с четвертью, купить двери Verto в Виннице;Вы можете купить межкомнатные двери Verto в Виннице по доступным ценам магазин DOOR IN ул. Замостянская 25.;Межкомнатные двери Verto Винница, Verto двери в Виннице, Где купить Verto межкомнатные двери в Виннице, Магазины Verto дверей Винница, Verto двери цены Винница, Межкомнатные двери Verto Винницкая область, Verto двери продажа Винница, Двери Verto каталог Винница, Verto межкомнатные двери акции Винница, Verto двери отзывы Винница;0;0;1;1;1245;;1245
Идея;ideya;1241;verto/;Межкомнатные двери Verto Винница, Verto двери в Виннице, Где купить Verto межкомнатные двери в Виннице, Магазины Verto дверей Винница, Verto двери цены Винница, Межкомнатные двери Verto Винницкая область, Verto двери продажа Винница, Двери Verto каталог Винница, Verto межкомнатные двери акции Винница, Verto двери отзывы Винница;/uploads/Идея-интерьер-1-300x300.png;Купить шпонированные двери Verto в Виннице;Verto Двери, двери с четвертью, купить двери Verto в Виннице;Вы можете купить межкомнатные двери Verto в Виннице по доступным ценам магазин DOOR IN ул. Замостянская 25.;Межкомнатные двери Verto Винница, Verto двери в Виннице, Где купить Verto межкомнатные двери в Виннице, Магазины Verto дверей Винница, Verto двери цены Винница, Межкомнатные двери Verto Винницкая область, Verto двери продажа Винница, Двери Verto каталог Винница, Verto межкомнатные двери акции Винница, Verto двери отзывы Винница;0;0;1;1;1246;;1246
Идея-Loft;ideya-loft;1241;verto/;Межкомнатные двери Verto Винница, Verto двери в Виннице, Где купить Verto межкомнатные двери в Виннице, Магазины Verto дверей Винница, Verto двери цены Винница, Межкомнатные двери Verto Винницкая область, Verto двери продажа Винница, Двери Verto каталог Винница, Verto межкомнатные двери акции Винница, Verto двери отзывы Винница;/uploads/Идея-Лофт-интерьер-300x300.png;Купить шпонированные двери Verto в Виннице;Verto Двери, двери с четвертью, купить двери Verto в Виннице;Вы можете купить межкомнатные двери Verto в Виннице по доступным ценам магазин DOOR IN ул. Замостянская 25.;Межкомнатные двери Verto Винница, Verto двери в Виннице, Где купить Verto межкомнатные двери в Виннице, Магазины Verto дверей Винница, Verto двери цены Винница, Межкомнатные двери Verto Винницкая область, Verto двери продажа Винница, Двери Verto каталог Винница, Verto межкомнатные двери акции Винница, Verto двери отзывы Винница;0;0;1;1;1247;;1247
Lada группа A;lada gruppa a;1241;verto/;Межкомнатные двери Verto Винница, Verto двери в Виннице, Где купить Verto межкомнатные двери в Виннице, Магазины Verto дверей Винница, Verto двери цены Винница, Межкомнатные двери Verto Винницкая область, Verto двери продажа Винница, Двери Verto каталог Винница, Verto межкомнатные двери акции Винница, Verto двери отзывы Винница;/uploads/Лада-А-интерьер-300x300.png;Купить шпонированные двери Verto в Виннице;Verto Двери, двери с четвертью, купить двери Verto в Виннице;Вы можете купить межкомнатные двери Verto в Виннице по доступным ценам магазин DOOR IN ул. Замостянская 25.;Межкомнатные двери Verto Винница, Verto двери в Виннице, Где купить Verto межкомнатные двери в Виннице, Магазины Verto дверей Винница, Verto двери цены Винница, Межкомнатные двери Verto Винницкая область, Verto двери продажа Винница, Двери Verto каталог Винница, Verto межкомнатные двери акции Винница, Verto двери отзывы Винница;0;0;1;1;1248;;1248
Lada группа B;lada gruppa b;1241;verto/;Межкомнатные двери Verto Винница, Verto двери в Виннице, Где купить Verto межкомнатные двери в Виннице, Магазины Verto дверей Винница, Verto двери цены Винница, Межкомнатные двери Verto Винницкая область, Verto двери продажа Винница, Двери Verto каталог Винница, Verto межкомнатные двери акции Винница, Verto двери отзывы Винница;/uploads/Лада-В-интерьер-300x300.png;Купить шпонированные двери Verto в Виннице;Verto Двери, двери с четвертью, купить двери Verto в Виннице;Вы можете купить межкомнатные двери Verto в Виннице по доступным ценам магазин DOOR IN ул. Замостянская 25.;Межкомнатные двери Verto Винница, Verto двери в Виннице, Где купить Verto межкомнатные двери в Виннице, Магазины Verto дверей Винница, Verto двери цены Винница, Межкомнатные двери Verto Винницкая область, Verto двери продажа Винница, Двери Verto каталог Винница, Verto межкомнатные двери акции Винница, Verto двери отзывы Винница;0;0;1;1;1249;;1249
Lada группа C;lada gruppa c;1241;verto/;Межкомнатные двери Verto Винница, Verto двери в Виннице, Где купить Verto межкомнатные двери в Виннице, Магазины Verto дверей Винница, Verto двери цены Винница, Межкомнатные двери Verto Винницкая область, Verto двери продажа Винница, Двери Verto каталог Винница, Verto межкомнатные двери акции Винница, Verto двери отзывы Винница;/uploads/интерьеры-сайт-300x300.jpg;Купить шпонированные двери Verto в Виннице;Verto Двери, двери с четвертью, купить двери Verto в Виннице;Вы можете купить межкомнатные двери Verto в Виннице по доступным ценам магазин DOOR IN ул. Замостянская 25.;Межкомнатные двери Verto Винница, Verto двери в Виннице, Где купить Verto межкомнатные двери в Виннице, Магазины Verto дверей Винница, Verto двери цены Винница, Межкомнатные двери Verto Винницкая область, Verto двери продажа Винница, Двери Verto каталог Винница, Verto межкомнатные двери акции Винница, Verto двери отзывы Винница;0;0;1;1;1250;;1250
Lada группа D;lada gruppa d;1241;verto/;Межкомнатные двери Verto Винница, Verto двери в Виннице, Где купить Verto межкомнатные двери в Виннице, Магазины Verto дверей Винница, Verto двери цены Винница, Межкомнатные двери Verto Винницкая область, Verto двери продажа Винница, Двери Verto каталог Винница, Verto межкомнатные двери акции Винница, Verto двери отзывы Винница;/uploads/интерьеры-лада-д-300x300.jpg;Купить шпонированные двери Verto в Виннице;Verto Двери, двери с четвертью, купить двери Verto в Виннице;Вы можете купить межкомнатные двери Verto в Виннице по доступным ценам магазин DOOR IN ул. Замостянская 25.;Межкомнатные двери Verto Винница, Verto двери в Виннице, Где купить Verto межкомнатные двери в Виннице, Магазины Verto дверей Винница, Verto двери цены Винница, Межкомнатные двери Verto Винницкая область, Verto двери продажа Винница, Двери Verto каталог Винница, Verto межкомнатные двери акции Винница, Verto двери отзывы Винница;0;0;1;1;1251;;1251
Nika;nika;1241;verto/;Межкомнатные двери Verto Винница, Verto двери в Виннице, Где купить Verto межкомнатные двери в Виннице, Магазины Verto дверей Винница, Verto двери цены Винница, Межкомнатные двери Verto Винницкая область, Verto двери продажа Винница, Двери Verto каталог Винница, Verto межкомнатные двери акции Винница, Verto двери отзывы Винница;/uploads/Ника-интерьеры-сайт-300x300.jpg;Купить шпонированные двери Verto в Виннице;Verto Двери, двери с четвертью, купить двери Verto в Виннице;Вы можете купить межкомнатные двери Verto в Виннице по доступным ценам магазин DOOR IN ул. Замостянская 25.;Межкомнатные двери Verto Винница, Verto двери в Виннице, Где купить Verto межкомнатные двери в Виннице, Магазины Verto дверей Винница, Verto двери цены Винница, Межкомнатные двери Verto Винницкая область, Verto двери продажа Винница, Двери Verto каталог Винница, Verto межкомнатные двери акции Винница, Verto двери отзывы Винница;0;0;1;1;1252;;1252
Lisa;lisa;1241;verto/;Межкомнатные двери Verto Винница, Verto двери в Виннице, Где купить Verto межкомнатные двери в Виннице, Магазины Verto дверей Винница, Verto двери цены Винница, Межкомнатные двери Verto Винницкая область, Verto двери продажа Винница, Двери Verto каталог Винница, Verto межкомнатные двери акции Винница, Verto двери отзывы Винница;/uploads/интерьеры-лиса-300x300.jpg;Купить шпонированные двери Verto в Виннице;Verto Двери, двери с четвертью, купить двери Verto в Виннице;Вы можете купить межкомнатные двери Verto в Виннице по доступным ценам магазин DOOR IN ул. Замостянская 25.;Межкомнатные двери Verto Винница, Verto двери в Виннице, Где купить Verto межкомнатные двери в Виннице, Магазины Verto дверей Винница, Verto двери цены Винница, Межкомнатные двери Verto Винницкая область, Verto двери продажа Винница, Двери Verto каталог Винница, Verto межкомнатные двери акции Винница, Verto двери отзывы Винница;0;0;1;1;1253;;1253
Lada-Concept;lada-concept;1241;verto/;Межкомнатные двери Verto Винница, Verto двери в Виннице, Где купить Verto межкомнатные двери в Виннице, Магазины Verto дверей Винница, Verto двери цены Винница, Межкомнатные двери Verto Винницкая область, Verto двери продажа Винница, Двери Verto каталог Винница, Verto межкомнатные двери акции Винница, Verto двери отзывы Винница;/uploads/интерьеры-концепт-1-300x300.jpg;Купить шпонированные двери Verto в Виннице;Verto Двери, двери с четвертью, купить двери Verto в Виннице;Вы можете купить межкомнатные двери Verto в Виннице по доступным ценам магазин DOOR IN ул. Замостянская 25.;Межкомнатные двери Verto Винница, Verto двери в Виннице, Где купить Verto межкомнатные двери в Виннице, Магазины Verto дверей Винница, Verto двери цены Винница, Межкомнатные двери Verto Винницкая область, Verto двери продажа Винница, Двери Verto каталог Винница, Verto межкомнатные двери акции Винница, Verto двери отзывы Винница;0;0;1;1;1254;;1254
Lada-Nova;lada-nova;1241;verto/;Межкомнатные двери Verto Винница, Verto двери в Виннице, Где купить Verto межкомнатные двери в Виннице, Магазины Verto дверей Винница, Verto двери цены Винница, Межкомнатные двери Verto Винницкая область, Verto двери продажа Винница, Двери Verto каталог Винница, Verto межкомнатные двери акции Винница, Verto двери отзывы Винница;/uploads/интерьеры-лада-нова-300x300.jpg;Купить шпонированные двери Verto в Виннице;Verto Двери, двери с четвертью, купить двери Verto в Виннице;Вы можете купить межкомнатные двери Verto в Виннице по доступным ценам магазин DOOR IN ул. Замостянская 25.;Межкомнатные двери Verto Винница, Verto двери в Виннице, Где купить Verto межкомнатные двери в Виннице, Магазины Verto дверей Винница, Verto двери цены Винница, Межкомнатные двери Verto Винницкая область, Verto двери продажа Винница, Двери Verto каталог Винница, Verto межкомнатные двери акции Винница, Verto двери отзывы Винница;0;0;1;1;1255;;1255
Mira;mira;1241;verto/;Межкомнатные двери Verto Винница, Verto двери в Виннице, Где купить Verto межкомнатные двери в Виннице, Магазины Verto дверей Винница, Verto двери цены Винница, Межкомнатные двери Verto Винницкая область, Verto двери продажа Винница, Двери Verto каталог Винница, Verto межкомнатные двери акции Винница, Verto двери отзывы Винница;/uploads/интерьеры-сайт-1-300x300.jpg;Купить шпонированные двери Verto в Виннице;Verto Двери, двери с четвертью, купить двери Verto в Виннице;Вы можете купить межкомнатные двери Verto в Виннице по доступным ценам магазин DOOR IN ул. Замостянская 25.;Межкомнатные двери Verto Винница, Verto двери в Виннице, Где купить Verto межкомнатные двери в Виннице, Магазины Verto дверей Винница, Verto двери цены Винница, Межкомнатные двери Verto Винницкая область, Verto двери продажа Винница, Двери Verto каталог Винница, Verto межкомнатные двери акции Винница, Verto двери отзывы Винница;0;0;1;1;1256;;1256
Tiana;tiana;1241;verto/;Межкомнатные двери Verto Винница, Verto двери в Виннице, Где купить Verto межкомнатные двери в Виннице, Магазины Verto дверей Винница, Verto двери цены Винница, Межкомнатные двери Verto Винницкая область, Verto двери продажа Винница, Двери Verto каталог Винница, Verto межкомнатные двери акции Винница, Verto двери отзывы Винница;/uploads/интерьеры-сайт-2-300x300.jpg;Купить шпонированные двери Verto в Виннице;Verto Двери, двери с четвертью, купить двери Verto в Виннице;Вы можете купить межкомнатные двери Verto в Виннице по доступным ценам магазин DOOR IN ул. Замостянская 25.;Межкомнатные двери Verto Винница, Verto двери в Виннице, Где купить Verto межкомнатные двери в Виннице, Магазины Verto дверей Винница, Verto двери цены Винница, Межкомнатные двери Verto Винницкая область, Verto двери продажа Винница, Двери Verto каталог Винница, Verto межкомнатные двери акции Винница, Verto двери отзывы Винница;0;0;1;1;1257;;1257
Lada-Loft;lada-loft;1241;verto/;Межкомнатные двери Verto Винница, Verto двери в Виннице, Где купить Verto межкомнатные двери в Виннице, Магазины Verto дверей Винница, Verto двери цены Винница, Межкомнатные двери Verto Винницкая область, Verto двери продажа Винница, Двери Verto каталог Винница, Verto межкомнатные двери акции Винница, Verto двери отзывы Винница;/uploads/интерьеры-сайт-3-300x300.jpg;Купить шпонированные двери Verto в Виннице;Verto Двери, двери с четвертью, купить двери Verto в Виннице;Вы можете купить межкомнатные двери Verto в Виннице по доступным ценам магазин DOOR IN ул. Замостянская 25.;Межкомнатные двери Verto Винница, Verto двери в Виннице, Где купить Verto межкомнатные двери в Виннице, Магазины Verto дверей Винница, Verto двери цены Винница, Межкомнатные двери Verto Винницкая область, Verto двери продажа Винница, Двери Verto каталог Винница, Verto межкомнатные двери акции Винница, Verto двери отзывы Винница;0;0;1;1;1258;;1258
Linda;linda;1241;verto/;Межкомнатные двери Verto Винница, Verto двери в Виннице, Где купить Verto межкомнатные двери в Виннице, Магазины Verto дверей Винница, Verto двери цены Винница, Межкомнатные двери Verto Винницкая область, Verto двери продажа Винница, Двери Verto каталог Винница, Verto межкомнатные двери акции Винница, Verto двери отзывы Винница;/uploads/интерьеры-сайт-4-300x300.jpg;Купить шпонированные двери Verto в Виннице;Verto Двери, двери с четвертью, купить двери Verto в Виннице;Вы можете купить межкомнатные двери Verto в Виннице по доступным ценам магазин DOOR IN ул. Замостянская 25.;Межкомнатные двери Verto Винница, Verto двери в Виннице, Где купить Verto межкомнатные двери в Виннице, Магазины Verto дверей Винница, Verto двери цены Винница, Межкомнатные двери Verto Винницкая область, Verto двери продажа Винница, Двери Verto каталог Винница, Verto межкомнатные двери акции Винница, Verto двери отзывы Винница;0;0;1;1;1259;;1259
Eva;eva;1241;verto/;Межкомнатные двери Verto Винница, Verto двери в Виннице, Где купить Verto межкомнатные двери в Виннице, Магазины Verto дверей Винница, Verto двери цены Винница, Межкомнатные двери Verto Винницкая область, Verto двери продажа Винница, Двери Verto каталог Винница, Verto межкомнатные двери акции Винница, Verto двери отзывы Винница;/uploads/интерьеры-сайт-5-300x300.jpg;Купить шпонированные двери Verto в Виннице;Verto Двери, двери с четвертью, купить двери Verto в Виннице;Вы можете купить межкомнатные двери Verto в Виннице по доступным ценам магазин DOOR IN ул. Замостянская 25.;Межкомнатные двери Verto Винница, Verto двери в Виннице, Где купить Verto межкомнатные двери в Виннице, Магазины Verto дверей Винница, Verto двери цены Винница, Межкомнатные двери Verto Винницкая область, Verto двери продажа Винница, Двери Verto каталог Винница, Verto межкомнатные двери акции Винница, Verto двери отзывы Винница;0;0;1;1;1260;;1260
Trend;trend;1241;verto/;Межкомнатные двери Verto Винница, Verto двери в Виннице, Где купить Verto межкомнатные двери в Виннице, Магазины Verto дверей Винница, Verto двери цены Винница, Межкомнатные двери Verto Винницкая область, Verto двери продажа Винница, Двери Verto каталог Винница, Verto межкомнатные двери акции Винница, Verto двери отзывы Винница;/uploads/интерьеры-сайт-6-300x300.jpg;Купить шпонированные двери Verto в Виннице;Verto Двери, двери с четвертью, купить двери Verto в Виннице;Вы можете купить межкомнатные двери Verto в Виннице по доступным ценам магазин DOOR IN ул. Замостянская 25.;Межкомнатные двери Verto Винница, Verto двери в Виннице, Где купить Verto межкомнатные двери в Виннице, Магазины Verto дверей Винница, Verto двери цены Винница, Межкомнатные двери Verto Винницкая область, Verto двери продажа Винница, Двери Verto каталог Винница, Verto межкомнатные двери акции Винница, Verto двери отзывы Винница;0;0;1;1;1261;;1261
Модерн;modern;1241;verto/;Межкомнатные двери Verto Винница, Verto двери в Виннице, Где купить Verto межкомнатные двери в Виннице, Магазины Verto дверей Винница, Verto двери цены Винница, Межкомнатные двери Verto Винницкая область, Verto двери продажа Винница, Двери Verto каталог Винница, Verto межкомнатные двери акции Винница, Verto двери отзывы Винница;/uploads/интерьеры-сайт-8-300x300.jpg;Купить шпонированные двери Verto в Виннице;Verto Двери, двери с четвертью, купить двери Verto в Виннице;Вы можете купить межкомнатные двери Verto в Виннице по доступным ценам магазин DOOR IN ул. Замостянская 25.;Межкомнатные двери Verto Винница, Verto двери в Виннице, Где купить Verto межкомнатные двери в Виннице, Магазины Verto дверей Винница, Verto двери цены Винница, Межкомнатные двери Verto Винницкая область, Verto двери продажа Винница, Двери Verto каталог Винница, Verto межкомнатные двери акции Винница, Verto двери отзывы Винница;0;0;1;1;1262;;1262
Полло;pollo;1241;verto/;Межкомнатные двери Verto Винница, Verto двери в Виннице, Где купить Verto межкомнатные двери в Виннице, Магазины Verto дверей Винница, Verto двери цены Винница, Межкомнатные двери Verto Винницкая область, Verto двери продажа Винница, Двери Verto каталог Винница, Verto межкомнатные двери акции Винница, Verto двери отзывы Винница;/uploads/интерьеры-сайт-7-300x300.jpg;Купить шпонированные двери Verto в Виннице;Verto Двери, двери с четвертью, купить двери Verto в Виннице;Вы можете купить межкомнатные двери Verto в Виннице по доступным ценам магазин DOOR IN ул. Замостянская 25.;Межкомнатные двери Verto Винница, Verto двери в Виннице, Где купить Verto межкомнатные двери в Виннице, Магазины Verto дверей Винница, Verto двери цены Винница, Межкомнатные двери Verto Винницкая область, Verto двери продажа Винница, Двери Verto каталог Винница, Verto межкомнатные двери акции Винница, Verto двери отзывы Винница;0;0;1;1;1263;;1263
Линея;lineya;1241;verto/;Межкомнатные двери Verto Винница, Verto двери в Виннице, Где купить Verto межкомнатные двери в Виннице, Магазины Verto дверей Винница, Verto двери цены Винница, Межкомнатные двери Verto Винницкая область, Verto двери продажа Винница, Двери Verto каталог Винница, Verto межкомнатные двери акции Винница, Verto двери отзывы Винница;/uploads/Лінея-300x300.jpg;Купить шпонированные двери Verto в Виннице;Verto Двери, двери с четвертью, купить двери Verto в Виннице;Вы можете купить межкомнатные двери Verto в Виннице по доступным ценам магазин DOOR IN ул. Замостянская 25.;Межкомнатные двери Verto Винница, Verto двери в Виннице, Где купить Verto межкомнатные двери в Виннице, Магазины Verto дверей Винница, Verto двери цены Винница, Межкомнатные двери Verto Винницкая область, Verto двери продажа Винница, Двери Verto каталог Винница, Verto межкомнатные двери акции Винница, Verto двери отзывы Винница;0;0;1;1;1264;;1264
Лайн;lajn;1241;verto/;Межкомнатные двери Verto Винница, Verto двери в Виннице, Где купить Verto межкомнатные двери в Виннице, Магазины Verto дверей Винница, Verto двери цены Винница, Межкомнатные двери Verto Винницкая область, Verto двери продажа Винница, Двери Verto каталог Винница, Verto межкомнатные двери акции Винница, Verto двери отзывы Винница;/uploads/Лайн-300x300.jpg;Купить шпонированные двери Verto в Виннице;Verto Двери, двери с четвертью, купить двери Verto в Виннице;Вы можете купить межкомнатные двери Verto в Виннице по доступным ценам магазин DOOR IN ул. Замостянская 25.;Межкомнатные двери Verto Винница, Verto двери в Виннице, Где купить Verto межкомнатные двери в Виннице, Магазины Verto дверей Винница, Verto двери цены Винница, Межкомнатные двери Verto Винницкая область, Verto двери продажа Винница, Двери Verto каталог Винница, Verto межкомнатные двери акции Винница, Verto двери отзывы Винница;0;0;1;1;1265;;1265
Элегант;elegant;1241;verto/;Межкомнатные двери Verto Винница, Verto двери в Виннице, Где купить Verto межкомнатные двери в Виннице, Магазины Verto дверей Винница, Verto двери цены Винница, Межкомнатные двери Verto Винницкая область, Verto двери продажа Винница, Двери Verto каталог Винница, Verto межкомнатные двери акции Винница, Verto двери отзывы Винница;/uploads/Елегант-300x300.jpg;Купить шпонированные двери Verto в Виннице;Verto Двери, двери с четвертью, купить двери Verto в Виннице;Вы можете купить межкомнатные двери Verto в Виннице по доступным ценам магазин DOOR IN ул. Замостянская 25.;Межкомнатные двери Verto Винница, Verto двери в Виннице, Где купить Verto межкомнатные двери в Виннице, Магазины Verto дверей Винница, Verto двери цены Винница, Межкомнатные двери Verto Винницкая область, Verto двери продажа Винница, Двери Verto каталог Винница, Verto межкомнатные двери акции Винница, Verto двери отзывы Винница;0;0;1;1;1266;;1266
Гласфорд;glasford;1241;verto/;Межкомнатные двери Verto Винница, Verto двери в Виннице, Где купить Verto межкомнатные двери в Виннице, Магазины Verto дверей Винница, Verto двери цены Винница, Межкомнатные двери Verto Винницкая область, Verto двери продажа Винница, Двери Verto каталог Винница, Verto межкомнатные двери акции Винница, Verto двери отзывы Винница;/uploads/35-300x300.jpg;Купить шпонированные двери Verto в Виннице;Verto Двери, двери с четвертью, купить двери Verto в Виннице;Вы можете купить межкомнатные двери Verto в Виннице по доступным ценам магазин DOOR IN ул. Замостянская 25.;Межкомнатные двери Verto Винница, Verto двери в Виннице, Где купить Verto межкомнатные двери в Виннице, Магазины Verto дверей Винница, Verto двери цены Винница, Межкомнатные двери Verto Винницкая область, Verto двери продажа Винница, Двери Verto каталог Винница, Verto межкомнатные двери акции Винница, Verto двери отзывы Винница;0;0;1;1;1267;;1267
Доборы;dobory;1241;verto/;Межкомнатные двери Verto Винница, Verto двери в Виннице, Где купить Verto межкомнатные двери в Виннице, Магазины Verto дверей Винница, Verto двери цены Винница, Межкомнатные двери Verto Винницкая область, Verto двери продажа Винница, Двери Verto каталог Винница, Verto межкомнатные двери акции Винница, Verto двери отзывы Винница;/uploads/Добори-300x300.jpg;Купить шпонированные двери Verto в Виннице;Verto Двери, двери с четвертью, купить двери Verto в Виннице;Вы можете купить межкомнатные двери Verto в Виннице по доступным ценам магазин DOOR IN ул. Замостянская 25.;Межкомнатные двери Verto Винница, Verto двери в Виннице, Где купить Verto межкомнатные двери в Виннице, Магазины Verto дверей Винница, Verto двери цены Винница, Межкомнатные двери Verto Винницкая область, Verto двери продажа Винница, Двери Verto каталог Винница, Verto межкомнатные двери акции Винница, Verto двери отзывы Винница;0;0;1;1;1268;;1268
Доборы-LADA;dobory-lada;1241;verto/;Межкомнатные двери Verto Винница, Verto двери в Виннице, Где купить Verto межкомнатные двери в Виннице, Магазины Verto дверей Винница, Verto двери цены Винница, Межкомнатные двери Verto Винницкая область, Verto двери продажа Винница, Двери Verto каталог Винница, Verto межкомнатные двери акции Винница, Verto двери отзывы Винница;/uploads/Lada-доборы-300x300.jpg;Купить шпонированные двери Verto в Виннице;Verto Двери, двери с четвертью, купить двери Verto в Виннице;Вы можете купить межкомнатные двери Verto в Виннице по доступным ценам магазин DOOR IN ул. Замостянская 25.;Межкомнатные двери Verto Винница, Verto двери в Виннице, Где купить Verto межкомнатные двери в Виннице, Магазины Verto дверей Винница, Verto двери цены Винница, Межкомнатные двери Verto Винницкая область, Verto двери продажа Винница, Двери Verto каталог Винница, Verto межкомнатные двери акции Винница, Verto двери отзывы Винница;0;0;1;1;1269;;1269
Классик;klassik;1241;verto/;Межкомнатные двери Verto Винница, Verto двери в Виннице, Где купить Verto межкомнатные двери в Виннице, Магазины Verto дверей Винница, Verto двери цены Винница, Межкомнатные двери Verto Винницкая область, Verto двери продажа Винница, Двери Verto каталог Винница, Verto межкомнатные двери акции Винница, Verto двери отзывы Винница;/uploads/интерьер-классик-300x300.jpg;Купить шпонированные двери Verto в Виннице;Verto Двери, двери с четвертью, купить двери Verto в Виннице;Вы можете купить межкомнатные двери Verto в Виннице по доступным ценам магазин DOOR IN ул. Замостянская 25.;Межкомнатные двери Verto Винница, Verto двери в Виннице, Где купить Verto межкомнатные двери в Виннице, Магазины Verto дверей Винница, Verto двери цены Винница, Межкомнатные двери Verto Винницкая область, Verto двери продажа Винница, Двери Verto каталог Винница, Verto межкомнатные двери акции Винница, Verto двери отзывы Винница;1,5;0;1;1;1242;;1242
Стандарт;standart;1241;verto/;Межкомнатные двери Verto Винница, Verto двери в Виннице, Где купить Verto межкомнатные двери в Виннице, Магазины Verto дверей Винница, Verto двери цены Винница, Межкомнатные двери Verto Винницкая область, Verto двери продажа Винница, Двери Verto каталог Винница, Verto межкомнатные двери акции Винница, Verto двери отзывы Винница;/uploads/стандарт-000-300x300.png;Купить шпонированные двери Verto в Виннице;Verto Двери, двери с четвертью, купить двери Verto в Виннице;Вы можете купить межкомнатные двери Verto в Виннице по доступным ценам магазин DOOR IN ул. Замостянская 25.;Межкомнатные двери Verto Винница, Verto двери в Виннице, Где купить Verto межкомнатные двери в Виннице, Магазины Verto дверей Винница, Verto двери цены Винница, Межкомнатные двери Verto Винницкая область, Verto двери продажа Винница, Двери Verto каталог Винница, Verto межкомнатные двери акции Винница, Verto двери отзывы Винница;1,5;0;1;1;1243;;1243
Купава;kupava;1241;verto/;Межкомнатные двери Verto Винница, Verto двери в Виннице, Где купить Verto межкомнатные двери в Виннице, Магазины Verto дверей Винница, Verto двери цены Винница, Межкомнатные двери Verto Винницкая область, Verto двери продажа Винница, Двери Verto каталог Винница, Verto межкомнатные двери акции Винница, Verto двери отзывы Винница;/uploads/Купава-интерьер-1-300x300.png;Купить шпонированные двери Verto в Виннице;Verto Двери, двери с четвертью, купить двери Verto в Виннице;Вы можете купить межкомнатные двери Verto в Виннице по доступным ценам магазин DOOR IN ул. Замостянская 25.;Межкомнатные двери Verto Винница, Verto двери в Виннице, Где купить Verto межкомнатные двери в Виннице, Магазины Verto дверей Винница, Verto двери цены Винница, Межкомнатные двери Verto Винницкая область, Verto двери продажа Винница, Двери Verto каталог Винница, Verto межкомнатные двери акции Винница, Verto двери отзывы Винница;1,5;0;1;1;1244;;1244
Геометрия;geometriya;1241;verto/;Межкомнатные двери Verto Винница, Verto двери в Виннице, Где купить Verto межкомнатные двери в Виннице, Магазины Verto дверей Винница, Verto двери цены Винница, Межкомнатные двери Verto Винницкая область, Verto двери продажа Винница, Двери Verto каталог Винница, Verto межкомнатные двери акции Винница, Verto двери отзывы Винница;/uploads/Геометрия-интерьер-300x300.png;Купить шпонированные двери Verto в Виннице;Verto Двери, двери с четвертью, купить двери Verto в Виннице;Вы можете купить межкомнатные двери Verto в Виннице по доступным ценам магазин DOOR IN ул. Замостянская 25.;Межкомнатные двери Verto Винница, Verto двери в Виннице, Где купить Verto межкомнатные двери в Виннице, Магазины Verto дверей Винница, Verto двери цены Винница, Межкомнатные двери Verto Винницкая область, Verto двери продажа Винница, Двери Verto каталог Винница, Verto межкомнатные двери акции Винница, Verto двери отзывы Винница;1,5;0;1;1;1245;;1245
Идея;ideya;1241;verto/;Межкомнатные двери Verto Винница, Verto двери в Виннице, Где купить Verto межкомнатные двери в Виннице, Магазины Verto дверей Винница, Verto двери цены Винница, Межкомнатные двери Verto Винницкая область, Verto двери продажа Винница, Двери Verto каталог Винница, Verto межкомнатные двери акции Винница, Verto двери отзывы Винница;/uploads/Идея-интерьер-1-300x300.png;Купить шпонированные двери Verto в Виннице;Verto Двери, двери с четвертью, купить двери Verto в Виннице;Вы можете купить межкомнатные двери Verto в Виннице по доступным ценам магазин DOOR IN ул. Замостянская 25.;Межкомнатные двери Verto Винница, Verto двери в Виннице, Где купить Verto межкомнатные двери в Виннице, Магазины Verto дверей Винница, Verto двери цены Винница, Межкомнатные двери Verto Винницкая область, Verto двери продажа Винница, Двери Verto каталог Винница, Verto межкомнатные двери акции Винница, Verto двери отзывы Винница;1,5;0;1;1;1246;;1246
Идея-Loft;ideya-loft;1241;verto/;Межкомнатные двери Verto Винница, Verto двери в Виннице, Где купить Verto межкомнатные двери в Виннице, Магазины Verto дверей Винница, Verto двери цены Винница, Межкомнатные двери Verto Винницкая область, Verto двери продажа Винница, Двери Verto каталог Винница, Verto межкомнатные двери акции Винница, Verto двери отзывы Винница;/uploads/Идея-Лофт-интерьер-300x300.png;Купить шпонированные двери Verto в Виннице;Verto Двери, двери с четвертью, купить двери Verto в Виннице;Вы можете купить межкомнатные двери Verto в Виннице по доступным ценам магазин DOOR IN ул. Замостянская 25.;Межкомнатные двери Verto Винница, Verto двери в Виннице, Где купить Verto межкомнатные двери в Виннице, Магазины Verto дверей Винница, Verto двери цены Винница, Межкомнатные двери Verto Винницкая область, Verto двери продажа Винница, Двери Verto каталог Винница, Verto межкомнатные двери акции Винница, Verto двери отзывы Винница;1,5;0;1;1;1247;;1247
Lada группа A;lada gruppa a;1241;verto/;Межкомнатные двери Verto Винница, Verto двери в Виннице, Где купить Verto межкомнатные двери в Виннице, Магазины Verto дверей Винница, Verto двери цены Винница, Межкомнатные двери Verto Винницкая область, Verto двери продажа Винница, Двери Verto каталог Винница, Verto межкомнатные двери акции Винница, Verto двери отзывы Винница;/uploads/Лада-А-интерьер-300x300.png;Купить шпонированные двери Verto в Виннице;Verto Двери, двери с четвертью, купить двери Verto в Виннице;Вы можете купить межкомнатные двери Verto в Виннице по доступным ценам магазин DOOR IN ул. Замостянская 25.;Межкомнатные двери Verto Винница, Verto двери в Виннице, Где купить Verto межкомнатные двери в Виннице, Магазины Verto дверей Винница, Verto двери цены Винница, Межкомнатные двери Verto Винницкая область, Verto двери продажа Винница, Двери Verto каталог Винница, Verto межкомнатные двери акции Винница, Verto двери отзывы Винница;1,5;0;1;1;1248;;1248
Lada группа B;lada gruppa b;1241;verto/;Межкомнатные двери Verto Винница, Verto двери в Виннице, Где купить Verto межкомнатные двери в Виннице, Магазины Verto дверей Винница, Verto двери цены Винница, Межкомнатные двери Verto Винницкая область, Verto двери продажа Винница, Двери Verto каталог Винница, Verto межкомнатные двери акции Винница, Verto двери отзывы Винница;/uploads/Лада-В-интерьер-300x300.png;Купить шпонированные двери Verto в Виннице;Verto Двери, двери с четвертью, купить двери Verto в Виннице;Вы можете купить межкомнатные двери Verto в Виннице по доступным ценам магазин DOOR IN ул. Замостянская 25.;Межкомнатные двери Verto Винница, Verto двери в Виннице, Где купить Verto межкомнатные двери в Виннице, Магазины Verto дверей Винница, Verto двери цены Винница, Межкомнатные двери Verto Винницкая область, Verto двери продажа Винница, Двери Verto каталог Винница, Verto межкомнатные двери акции Винница, Verto двери отзывы Винница;1,5;0;1;1;1249;;1249
Lada группа C;lada gruppa c;1241;verto/;Межкомнатные двери Verto Винница, Verto двери в Виннице, Где купить Verto межкомнатные двери в Виннице, Магазины Verto дверей Винница, Verto двери цены Винница, Межкомнатные двери Verto Винницкая область, Verto двери продажа Винница, Двери Verto каталог Винница, Verto межкомнатные двери акции Винница, Verto двери отзывы Винница;/uploads/интерьеры-сайт-300x300.jpg;Купить шпонированные двери Verto в Виннице;Verto Двери, двери с четвертью, купить двери Verto в Виннице;Вы можете купить межкомнатные двери Verto в Виннице по доступным ценам магазин DOOR IN ул. Замостянская 25.;Межкомнатные двери Verto Винница, Verto двери в Виннице, Где купить Verto межкомнатные двери в Виннице, Магазины Verto дверей Винница, Verto двери цены Винница, Межкомнатные двери Verto Винницкая область, Verto двери продажа Винница, Двери Verto каталог Винница, Verto межкомнатные двери акции Винница, Verto двери отзывы Винница;1,5;0;1;1;1250;;1250
Lada группа D;lada gruppa d;1241;verto/;Межкомнатные двери Verto Винница, Verto двери в Виннице, Где купить Verto межкомнатные двери в Виннице, Магазины Verto дверей Винница, Verto двери цены Винница, Межкомнатные двери Verto Винницкая область, Verto двери продажа Винница, Двери Verto каталог Винница, Verto межкомнатные двери акции Винница, Verto двери отзывы Винница;/uploads/интерьеры-лада-д-300x300.jpg;Купить шпонированные двери Verto в Виннице;Verto Двери, двери с четвертью, купить двери Verto в Виннице;Вы можете купить межкомнатные двери Verto в Виннице по доступным ценам магазин DOOR IN ул. Замостянская 25.;Межкомнатные двери Verto Винница, Verto двери в Виннице, Где купить Verto межкомнатные двери в Виннице, Магазины Verto дверей Винница, Verto двери цены Винница, Межкомнатные двери Verto Винницкая область, Verto двери продажа Винница, Двери Verto каталог Винница, Verto межкомнатные двери акции Винница, Verto двери отзывы Винница;1,5;0;1;1;1251;;1251
Nika;nika;1241;verto/;Межкомнатные двери Verto Винница, Verto двери в Виннице, Где купить Verto межкомнатные двери в Виннице, Магазины Verto дверей Винница, Verto двери цены Винница, Межкомнатные двери Verto Винницкая область, Verto двери продажа Винница, Двери Verto каталог Винница, Verto межкомнатные двери акции Винница, Verto двери отзывы Винница;/uploads/Ника-интерьеры-сайт-300x300.jpg;Купить шпонированные двери Verto в Виннице;Verto Двери, двери с четвертью, купить двери Verto в Виннице;Вы можете купить межкомнатные двери Verto в Виннице по доступным ценам магазин DOOR IN ул. Замостянская 25.;Межкомнатные двери Verto Винница, Verto двери в Виннице, Где купить Verto межкомнатные двери в Виннице, Магазины Verto дверей Винница, Verto двери цены Винница, Межкомнатные двери Verto Винницкая область, Verto двери продажа Винница, Двери Verto каталог Винница, Verto межкомнатные двери акции Винница, Verto двери отзывы Винница;1,5;0;1;1;1252;;1252
Lisa;lisa;1241;verto/;Межкомнатные двери Verto Винница, Verto двери в Виннице, Где купить Verto межкомнатные двери в Виннице, Магазины Verto дверей Винница, Verto двери цены Винница, Межкомнатные двери Verto Винницкая область, Verto двери продажа Винница, Двери Verto каталог Винница, Verto межкомнатные двери акции Винница, Verto двери отзывы Винница;/uploads/интерьеры-лиса-300x300.jpg;Купить шпонированные двери Verto в Виннице;Verto Двери, двери с четвертью, купить двери Verto в Виннице;Вы можете купить межкомнатные двери Verto в Виннице по доступным ценам магазин DOOR IN ул. Замостянская 25.;Межкомнатные двери Verto Винница, Verto двери в Виннице, Где купить Verto межкомнатные двери в Виннице, Магазины Verto дверей Винница, Verto двери цены Винница, Межкомнатные двери Verto Винницкая область, Verto двери продажа Винница, Двери Verto каталог Винница, Verto межкомнатные двери акции Винница, Verto двери отзывы Винница;1,5;0;1;1;1253;;1253
Lada-Concept;lada-concept;1241;verto/;Межкомнатные двери Verto Винница, Verto двери в Виннице, Где купить Verto межкомнатные двери в Виннице, Магазины Verto дверей Винница, Verto двери цены Винница, Межкомнатные двери Verto Винницкая область, Verto двери продажа Винница, Двери Verto каталог Винница, Verto межкомнатные двери акции Винница, Verto двери отзывы Винница;/uploads/интерьеры-концепт-1-300x300.jpg;Купить шпонированные двери Verto в Виннице;Verto Двери, двери с четвертью, купить двери Verto в Виннице;Вы можете купить межкомнатные двери Verto в Виннице по доступным ценам магазин DOOR IN ул. Замостянская 25.;Межкомнатные двери Verto Винница, Verto двери в Виннице, Где купить Verto межкомнатные двери в Виннице, Магазины Verto дверей Винница, Verto двери цены Винница, Межкомнатные двери Verto Винницкая область, Verto двери продажа Винница, Двери Verto каталог Винница, Verto межкомнатные двери акции Винница, Verto двери отзывы Винница;1,5;0;1;1;1254;;1254
Lada-Nova;lada-nova;1241;verto/;Межкомнатные двери Verto Винница, Verto двери в Виннице, Где купить Verto межкомнатные двери в Виннице, Магазины Verto дверей Винница, Verto двери цены Винница, Межкомнатные двери Verto Винницкая область, Verto двери продажа Винница, Двери Verto каталог Винница, Verto межкомнатные двери акции Винница, Verto двери отзывы Винница;/uploads/интерьеры-лада-нова-300x300.jpg;Купить шпонированные двери Verto в Виннице;Verto Двери, двери с четвертью, купить двери Verto в Виннице;Вы можете купить межкомнатные двери Verto в Виннице по доступным ценам магазин DOOR IN ул. Замостянская 25.;Межкомнатные двери Verto Винница, Verto двери в Виннице, Где купить Verto межкомнатные двери в Виннице, Магазины Verto дверей Винница, Verto двери цены Винница, Межкомнатные двери Verto Винницкая область, Verto двери продажа Винница, Двери Verto каталог Винница, Verto межкомнатные двери акции Винница, Verto двери отзывы Винница;1,5;0;1;1;1255;;1255
Mira;mira;1241;verto/;Межкомнатные двери Verto Винница, Verto двери в Виннице, Где купить Verto межкомнатные двери в Виннице, Магазины Verto дверей Винница, Verto двери цены Винница, Межкомнатные двери Verto Винницкая область, Verto двери продажа Винница, Двери Verto каталог Винница, Verto межкомнатные двери акции Винница, Verto двери отзывы Винница;/uploads/интерьеры-сайт-1-300x300.jpg;Купить шпонированные двери Verto в Виннице;Verto Двери, двери с четвертью, купить двери Verto в Виннице;Вы можете купить межкомнатные двери Verto в Виннице по доступным ценам магазин DOOR IN ул. Замостянская 25.;Межкомнатные двери Verto Винница, Verto двери в Виннице, Где купить Verto межкомнатные двери в Виннице, Магазины Verto дверей Винница, Verto двери цены Винница, Межкомнатные двери Verto Винницкая область, Verto двери продажа Винница, Двери Verto каталог Винница, Verto межкомнатные двери акции Винница, Verto двери отзывы Винница;1,5;0;1;1;1256;;1256
Tiana;tiana;1241;verto/;Межкомнатные двери Verto Винница, Verto двери в Виннице, Где купить Verto межкомнатные двери в Виннице, Магазины Verto дверей Винница, Verto двери цены Винница, Межкомнатные двери Verto Винницкая область, Verto двери продажа Винница, Двери Verto каталог Винница, Verto межкомнатные двери акции Винница, Verto двери отзывы Винница;/uploads/интерьеры-сайт-2-300x300.jpg;Купить шпонированные двери Verto в Виннице;Verto Двери, двери с четвертью, купить двери Verto в Виннице;Вы можете купить межкомнатные двери Verto в Виннице по доступным ценам магазин DOOR IN ул. Замостянская 25.;Межкомнатные двери Verto Винница, Verto двери в Виннице, Где купить Verto межкомнатные двери в Виннице, Магазины Verto дверей Винница, Verto двери цены Винница, Межкомнатные двери Verto Винницкая область, Verto двери продажа Винница, Двери Verto каталог Винница, Verto межкомнатные двери акции Винница, Verto двери отзывы Винница;1,5;0;1;1;1257;;1257
Lada-Loft;lada-loft;1241;verto/;Межкомнатные двери Verto Винница, Verto двери в Виннице, Где купить Verto межкомнатные двери в Виннице, Магазины Verto дверей Винница, Verto двери цены Винница, Межкомнатные двери Verto Винницкая область, Verto двери продажа Винница, Двери Verto каталог Винница, Verto межкомнатные двери акции Винница, Verto двери отзывы Винница;/uploads/интерьеры-сайт-3-300x300.jpg;Купить шпонированные двери Verto в Виннице;Verto Двери, двери с четвертью, купить двери Verto в Виннице;Вы можете купить межкомнатные двери Verto в Виннице по доступным ценам магазин DOOR IN ул. Замостянская 25.;Межкомнатные двери Verto Винница, Verto двери в Виннице, Где купить Verto межкомнатные двери в Виннице, Магазины Verto дверей Винница, Verto двери цены Винница, Межкомнатные двери Verto Винницкая область, Verto двери продажа Винница, Двери Verto каталог Винница, Verto межкомнатные двери акции Винница, Verto двери отзывы Винница;1,5;0;1;1;1258;;1258
Linda;linda;1241;verto/;Межкомнатные двери Verto Винница, Verto двери в Виннице, Где купить Verto межкомнатные двери в Виннице, Магазины Verto дверей Винница, Verto двери цены Винница, Межкомнатные двери Verto Винницкая область, Verto двери продажа Винница, Двери Verto каталог Винница, Verto межкомнатные двери акции Винница, Verto двери отзывы Винница;/uploads/интерьеры-сайт-4-300x300.jpg;Купить шпонированные двери Verto в Виннице;Verto Двери, двери с четвертью, купить двери Verto в Виннице;Вы можете купить межкомнатные двери Verto в Виннице по доступным ценам магазин DOOR IN ул. Замостянская 25.;Межкомнатные двери Verto Винница, Verto двери в Виннице, Где купить Verto межкомнатные двери в Виннице, Магазины Verto дверей Винница, Verto двери цены Винница, Межкомнатные двери Verto Винницкая область, Verto двери продажа Винница, Двери Verto каталог Винница, Verto межкомнатные двери акции Винница, Verto двери отзывы Винница;1,5;0;1;1;1259;;1259
Eva;eva;1241;verto/;Межкомнатные двери Verto Винница, Verto двери в Виннице, Где купить Verto межкомнатные двери в Виннице, Магазины Verto дверей Винница, Verto двери цены Винница, Межкомнатные двери Verto Винницкая область, Verto двери продажа Винница, Двери Verto каталог Винница, Verto межкомнатные двери акции Винница, Verto двери отзывы Винница;/uploads/интерьеры-сайт-5-300x300.jpg;Купить шпонированные двери Verto в Виннице;Verto Двери, двери с четвертью, купить двери Verto в Виннице;Вы можете купить межкомнатные двери Verto в Виннице по доступным ценам магазин DOOR IN ул. Замостянская 25.;Межкомнатные двери Verto Винница, Verto двери в Виннице, Где купить Verto межкомнатные двери в Виннице, Магазины Verto дверей Винница, Verto двери цены Винница, Межкомнатные двери Verto Винницкая область, Verto двери продажа Винница, Двери Verto каталог Винница, Verto межкомнатные двери акции Винница, Verto двери отзывы Винница;1,5;0;1;1;1260;;1260
Trend;trend;1241;verto/;Межкомнатные двери Verto Винница, Verto двери в Виннице, Где купить Verto межкомнатные двери в Виннице, Магазины Verto дверей Винница, Verto двери цены Винница, Межкомнатные двери Verto Винницкая область, Verto двери продажа Винница, Двери Verto каталог Винница, Verto межкомнатные двери акции Винница, Verto двери отзывы Винница;/uploads/интерьеры-сайт-6-300x300.jpg;Купить шпонированные двери Verto в Виннице;Verto Двери, двери с четвертью, купить двери Verto в Виннице;Вы можете купить межкомнатные двери Verto в Виннице по доступным ценам магазин DOOR IN ул. Замостянская 25.;Межкомнатные двери Verto Винница, Verto двери в Виннице, Где купить Verto межкомнатные двери в Виннице, Магазины Verto дверей Винница, Verto двери цены Винница, Межкомнатные двери Verto Винницкая область, Verto двери продажа Винница, Двери Verto каталог Винница, Verto межкомнатные двери акции Винница, Verto двери отзывы Винница;1,5;0;1;1;1261;;1261
Модерн;modern;1241;verto/;Межкомнатные двери Verto Винница, Verto двери в Виннице, Где купить Verto межкомнатные двери в Виннице, Магазины Verto дверей Винница, Verto двери цены Винница, Межкомнатные двери Verto Винницкая область, Verto двери продажа Винница, Двери Verto каталог Винница, Verto межкомнатные двери акции Винница, Verto двери отзывы Винница;/uploads/интерьеры-сайт-8-300x300.jpg;Купить шпонированные двери Verto в Виннице;Verto Двери, двери с четвертью, купить двери Verto в Виннице;Вы можете купить межкомнатные двери Verto в Виннице по доступным ценам магазин DOOR IN ул. Замостянская 25.;Межкомнатные двери Verto Винница, Verto двери в Виннице, Где купить Verto межкомнатные двери в Виннице, Магазины Verto дверей Винница, Verto двери цены Винница, Межкомнатные двери Verto Винницкая область, Verto двери продажа Винница, Двери Verto каталог Винница, Verto межкомнатные двери акции Винница, Verto двери отзывы Винница;1,5;0;1;1;1262;;1262
Полло;pollo;1241;verto/;Межкомнатные двери Verto Винница, Verto двери в Виннице, Где купить Verto межкомнатные двери в Виннице, Магазины Verto дверей Винница, Verto двери цены Винница, Межкомнатные двери Verto Винницкая область, Verto двери продажа Винница, Двери Verto каталог Винница, Verto межкомнатные двери акции Винница, Verto двери отзывы Винница;/uploads/интерьеры-сайт-7-300x300.jpg;Купить шпонированные двери Verto в Виннице;Verto Двери, двери с четвертью, купить двери Verto в Виннице;Вы можете купить межкомнатные двери Verto в Виннице по доступным ценам магазин DOOR IN ул. Замостянская 25.;Межкомнатные двери Verto Винница, Verto двери в Виннице, Где купить Verto межкомнатные двери в Виннице, Магазины Verto дверей Винница, Verto двери цены Винница, Межкомнатные двери Verto Винницкая область, Verto двери продажа Винница, Двери Verto каталог Винница, Verto межкомнатные двери акции Винница, Verto двери отзывы Винница;1,5;0;1;1;1263;;1263
Линея;lineya;1241;verto/;Межкомнатные двери Verto Винница, Verto двери в Виннице, Где купить Verto межкомнатные двери в Виннице, Магазины Verto дверей Винница, Verto двери цены Винница, Межкомнатные двери Verto Винницкая область, Verto двери продажа Винница, Двери Verto каталог Винница, Verto межкомнатные двери акции Винница, Verto двери отзывы Винница;/uploads/Лінея-300x300.jpg;Купить шпонированные двери Verto в Виннице;Verto Двери, двери с четвертью, купить двери Verto в Виннице;Вы можете купить межкомнатные двери Verto в Виннице по доступным ценам магазин DOOR IN ул. Замостянская 25.;Межкомнатные двери Verto Винница, Verto двери в Виннице, Где купить Verto межкомнатные двери в Виннице, Магазины Verto дверей Винница, Verto двери цены Винница, Межкомнатные двери Verto Винницкая область, Verto двери продажа Винница, Двери Verto каталог Винница, Verto межкомнатные двери акции Винница, Verto двери отзывы Винница;1,5;0;1;1;1264;;1264
Лайн;lajn;1241;verto/;Межкомнатные двери Verto Винница, Verto двери в Виннице, Где купить Verto межкомнатные двери в Виннице, Магазины Verto дверей Винница, Verto двери цены Винница, Межкомнатные двери Verto Винницкая область, Verto двери продажа Винница, Двери Verto каталог Винница, Verto межкомнатные двери акции Винница, Verto двери отзывы Винница;/uploads/Лайн-300x300.jpg;Купить шпонированные двери Verto в Виннице;Verto Двери, двери с четвертью, купить двери Verto в Виннице;Вы можете купить межкомнатные двери Verto в Виннице по доступным ценам магазин DOOR IN ул. Замостянская 25.;Межкомнатные двери Verto Винница, Verto двери в Виннице, Где купить Verto межкомнатные двери в Виннице, Магазины Verto дверей Винница, Verto двери цены Винница, Межкомнатные двери Verto Винницкая область, Verto двери продажа Винница, Двери Verto каталог Винница, Verto межкомнатные двери акции Винница, Verto двери отзывы Винница;1,5;0;1;1;1265;;1265
Элегант;elegant;1241;verto/;Межкомнатные двери Verto Винница, Verto двери в Виннице, Где купить Verto межкомнатные двери в Виннице, Магазины Verto дверей Винница, Verto двери цены Винница, Межкомнатные двери Verto Винницкая область, Verto двери продажа Винница, Двери Verto каталог Винница, Verto межкомнатные двери акции Винница, Verto двери отзывы Винница;/uploads/Елегант-300x300.jpg;Купить шпонированные двери Verto в Виннице;Verto Двери, двери с четвертью, купить двери Verto в Виннице;Вы можете купить межкомнатные двери Verto в Виннице по доступным ценам магазин DOOR IN ул. Замостянская 25.;Межкомнатные двери Verto Винница, Verto двери в Виннице, Где купить Verto межкомнатные двери в Виннице, Магазины Verto дверей Винница, Verto двери цены Винница, Межкомнатные двери Verto Винницкая область, Verto двери продажа Винница, Двери Verto каталог Винница, Verto межкомнатные двери акции Винница, Verto двери отзывы Винница;1,5;0;1;1;1266;;1266
Гласфорд;glasford;1241;verto/;Межкомнатные двери Verto Винница, Verto двери в Виннице, Где купить Verto межкомнатные двери в Виннице, Магазины Verto дверей Винница, Verto двери цены Винница, Межкомнатные двери Verto Винницкая область, Verto двери продажа Винница, Двери Verto каталог Винница, Verto межкомнатные двери акции Винница, Verto двери отзывы Винница;/uploads/35-300x300.jpg;Купить шпонированные двери Verto в Виннице;Verto Двери, двери с четвертью, купить двери Verto в Виннице;Вы можете купить межкомнатные двери Verto в Виннице по доступным ценам магазин DOOR IN ул. Замостянская 25.;Межкомнатные двери Verto Винница, Verto двери в Виннице, Где купить Verto межкомнатные двери в Виннице, Магазины Verto дверей Винница, Verto двери цены Винница, Межкомнатные двери Verto Винницкая область, Verto двери продажа Винница, Двери Verto каталог Винница, Verto межкомнатные двери акции Винница, Verto двери отзывы Винница;1,5;0;1;1;1267;;1267
Доборы;dobory;1241;verto/;Межкомнатные двери Verto Винница, Verto двери в Виннице, Где купить Verto межкомнатные двери в Виннице, Магазины Verto дверей Винница, Verto двери цены Винница, Межкомнатные двери Verto Винницкая область, Verto двери продажа Винница, Двери Verto каталог Винница, Verto межкомнатные двери акции Винница, Verto двери отзывы Винница;/uploads/Добори-300x300.jpg;Купить шпонированные двери Verto в Виннице;Verto Двери, двери с четвертью, купить двери Verto в Виннице;Вы можете купить межкомнатные двери Verto в Виннице по доступным ценам магазин DOOR IN ул. Замостянская 25.;Межкомнатные двери Verto Винница, Verto двери в Виннице, Где купить Verto межкомнатные двери в Виннице, Магазины Verto дверей Винница, Verto двери цены Винница, Межкомнатные двери Verto Винницкая область, Verto двери продажа Винница, Двери Verto каталог Винница, Verto межкомнатные двери акции Винница, Verto двери отзывы Винница;1,5;0;1;1;1268;;1268
Доборы-LADA;dobory-lada;1241;verto/;Межкомнатные двери Verto Винница, Verto двери в Виннице, Где купить Verto межкомнатные двери в Виннице, Магазины Verto дверей Винница, Verto двери цены Винница, Межкомнатные двери Verto Винницкая область, Verto двери продажа Винница, Двери Verto каталог Винница, Verto межкомнатные двери акции Винница, Verto двери отзывы Винница;/uploads/Lada-доборы-300x300.jpg;Купить шпонированные двери Verto в Виннице;Verto Двери, двери с четвертью, купить двери Verto в Виннице;Вы можете купить межкомнатные двери Verto в Виннице по доступным ценам магазин DOOR IN ул. Замостянская 25.;Межкомнатные двери Verto Винница, Verto двери в Виннице, Где купить Verto межкомнатные двери в Виннице, Магазины Verto дверей Винница, Verto двери цены Винница, Межкомнатные двери Verto Винницкая область, Verto двери продажа Винница, Двери Verto каталог Винница, Verto межкомнатные двери акции Винница, Verto двери отзывы Винница;1,5;0;1;1;1269;;1269
Классик;klassik;1241;verto/;Межкомнатные двери Verto Винница, Verto двери в Виннице, Где купить Verto межкомнатные двери в Виннице, Магазины Verto дверей Винница, Verto двери цены Винница, Межкомнатные двери Verto Винницкая область, Verto двери продажа Винница, Двери Verto каталог Винница, Verto межкомнатные двери акции Винница, Verto двери отзывы Винница;/uploads/интерьер-классик-300x300.jpg;Купить шпонированные двери Verto в Виннице;Verto Двери, двери с четвертью, купить двери Verto в Виннице;Вы можете купить межкомнатные двери Verto в Виннице по доступным ценам магазин DOOR IN ул. Замостянская 25.;Межкомнатные двери Verto Винница, Verto двери в Виннице, Где купить Verto межкомнатные двери в Виннице, Магазины Verto дверей Винница, Verto двери цены Винница, Межкомнатные двери Verto Винницкая область, Verto двери продажа Винница, Двери Verto каталог Винница, Verto межкомнатные двери акции Винница, Verto двери отзывы Винница;1,5;0;1;1;1242;;1242
Стандарт;standart;1241;verto/;Межкомнатные двери Verto Винница, Verto двери в Виннице, Где купить Verto межкомнатные двери в Виннице, Магазины Verto дверей Винница, Verto двери цены Винница, Межкомнатные двери Verto Винницкая область, Verto двери продажа Винница, Двери Verto каталог Винница, Verto межкомнатные двери акции Винница, Verto двери отзывы Винница;/uploads/стандарт-000-300x300.png;Купить шпонированные двери Verto в Виннице;Verto Двери, двери с четвертью, купить двери Verto в Виннице;Вы можете купить межкомнатные двери Verto в Виннице по доступным ценам магазин DOOR IN ул. Замостянская 25.;Межкомнатные двери Verto Винница, Verto двери в Виннице, Где купить Verto межкомнатные двери в Виннице, Магазины Verto дверей Винница, Verto двери цены Винница, Межкомнатные двери Verto Винницкая область, Verto двери продажа Винница, Двери Verto каталог Винница, Verto межкомнатные двери акции Винница, Verto двери отзывы Винница;1,5;0;1;1;1243;;1243
Купава;kupava;1241;verto/;Межкомнатные двери Verto Винница, Verto двери в Виннице, Где купить Verto межкомнатные двери в Виннице, Магазины Verto дверей Винница, Verto двери цены Винница, Межкомнатные двери Verto Винницкая область, Verto двери продажа Винница, Двери Verto каталог Винница, Verto межкомнатные двери акции Винница, Verto двери отзывы Винница;/uploads/Купава-интерьер-1-300x300.png;Купить шпонированные двери Verto в Виннице;Verto Двери, двери с четвертью, купить двери Verto в Виннице;Вы можете купить межкомнатные двери Verto в Виннице по доступным ценам магазин DOOR IN ул. Замостянская 25.;Межкомнатные двери Verto Винница, Verto двери в Виннице, Где купить Verto межкомнатные двери в Виннице, Магазины Verto дверей Винница, Verto двери цены Винница, Межкомнатные двери Verto Винницкая область, Verto двери продажа Винница, Двери Verto каталог Винница, Verto межкомнатные двери акции Винница, Verto двери отзывы Винница;1,5;0;1;1;1244;;1244
Геометрия;geometriya;1241;verto/;Межкомнатные двери Verto Винница, Verto двери в Виннице, Где купить Verto межкомнатные двери в Виннице, Магазины Verto дверей Винница, Verto двери цены Винница, Межкомнатные двери Verto Винницкая область, Verto двери продажа Винница, Двери Verto каталог Винница, Verto межкомнатные двери акции Винница, Verto двери отзывы Винница;/uploads/Геометрия-интерьер-300x300.png;Купить шпонированные двери Verto в Виннице;Verto Двери, двери с четвертью, купить двери Verto в Виннице;Вы можете купить межкомнатные двери Verto в Виннице по доступным ценам магазин DOOR IN ул. Замостянская 25.;Межкомнатные двери Verto Винница, Verto двери в Виннице, Где купить Verto межкомнатные двери в Виннице, Магазины Verto дверей Винница, Verto двери цены Винница, Межкомнатные двери Verto Винницкая область, Verto двери продажа Винница, Двери Verto каталог Винница, Verto межкомнатные двери акции Винница, Verto двери отзывы Винница;1,5;0;1;1;1245;;1245
Идея;ideya;1241;verto/;Межкомнатные двери Verto Винница, Verto двери в Виннице, Где купить Verto межкомнатные двери в Виннице, Магазины Verto дверей Винница, Verto двери цены Винница, Межкомнатные двери Verto Винницкая область, Verto двери продажа Винница, Двери Verto каталог Винница, Verto межкомнатные двери акции Винница, Verto двери отзывы Винница;/uploads/Идея-интерьер-1-300x300.png;Купить шпонированные двери Verto в Виннице;Verto Двери, двери с четвертью, купить двери Verto в Виннице;Вы можете купить межкомнатные двери Verto в Виннице по доступным ценам магазин DOOR IN ул. Замостянская 25.;Межкомнатные двери Verto Винница, Verto двери в Виннице, Где купить Verto межкомнатные двери в Виннице, Магазины Verto дверей Винница, Verto двери цены Винница, Межкомнатные двери Verto Винницкая область, Verto двери продажа Винница, Двери Verto каталог Винница, Verto межкомнатные двери акции Винница, Verto двери отзывы Винница;1,5;0;1;1;1246;;1246
Идея-Loft;ideya-loft;1241;verto/;Межкомнатные двери Verto Винница, Verto двери в Виннице, Где купить Verto межкомнатные двери в Виннице, Магазины Verto дверей Винница, Verto двери цены Винница, Межкомнатные двери Verto Винницкая область, Verto двери продажа Винница, Двери Verto каталог Винница, Verto межкомнатные двери акции Винница, Verto двери отзывы Винница;/uploads/Идея-Лофт-интерьер-300x300.png;Купить шпонированные двери Verto в Виннице;Verto Двери, двери с четвертью, купить двери Verto в Виннице;Вы можете купить межкомнатные двери Verto в Виннице по доступным ценам магазин DOOR IN ул. Замостянская 25.;Межкомнатные двери Verto Винница, Verto двери в Виннице, Где купить Verto межкомнатные двери в Виннице, Магазины Verto дверей Винница, Verto двери цены Винница, Межкомнатные двери Verto Винницкая область, Verto двери продажа Винница, Двери Verto каталог Винница, Verto межкомнатные двери акции Винница, Verto двери отзывы Винница;1,5;0;1;1;1247;;1247
Lada группа A;lada gruppa a;1241;verto/;Межкомнатные двери Verto Винница, Verto двери в Виннице, Где купить Verto межкомнатные двери в Виннице, Магазины Verto дверей Винница, Verto двери цены Винница, Межкомнатные двери Verto Винницкая область, Verto двери продажа Винница, Двери Verto каталог Винница, Verto межкомнатные двери акции Винница, Verto двери отзывы Винница;/uploads/Лада-А-интерьер-300x300.png;Купить шпонированные двери Verto в Виннице;Verto Двери, двери с четвертью, купить двери Verto в Виннице;Вы можете купить межкомнатные двери Verto в Виннице по доступным ценам магазин DOOR IN ул. Замостянская 25.;Межкомнатные двери Verto Винница, Verto двери в Виннице, Где купить Verto межкомнатные двери в Виннице, Магазины Verto дверей Винница, Verto двери цены Винница, Межкомнатные двери Verto Винницкая область, Verto двери продажа Винница, Двери Verto каталог Винница, Verto межкомнатные двери акции Винница, Verto двери отзывы Винница;1,5;0;1;1;1248;;1248
Lada группа B;lada gruppa b;1241;verto/;Межкомнатные двери Verto Винница, Verto двери в Виннице, Где купить Verto межкомнатные двери в Виннице, Магазины Verto дверей Винница, Verto двери цены Винница, Межкомнатные двери Verto Винницкая область, Verto двери продажа Винница, Двери Verto каталог Винница, Verto межкомнатные двери акции Винница, Verto двери отзывы Винница;/uploads/Лада-В-интерьер-300x300.png;Купить шпонированные двери Verto в Виннице;Verto Двери, двери с четвертью, купить двери Verto в Виннице;Вы можете купить межкомнатные двери Verto в Виннице по доступным ценам магазин DOOR IN ул. Замостянская 25.;Межкомнатные двери Verto Винница, Verto двери в Виннице, Где купить Verto межкомнатные двери в Виннице, Магазины Verto дверей Винница, Verto двери цены Винница, Межкомнатные двери Verto Винницкая область, Verto двери продажа Винница, Двери Verto каталог Винница, Verto межкомнатные двери акции Винница, Verto двери отзывы Винница;1,5;0;1;1;1249;;1249
Lada группа C;lada gruppa c;1241;verto/;Межкомнатные двери Verto Винница, Verto двери в Виннице, Где купить Verto межкомнатные двери в Виннице, Магазины Verto дверей Винница, Verto двери цены Винница, Межкомнатные двери Verto Винницкая область, Verto двери продажа Винница, Двери Verto каталог Винница, Verto межкомнатные двери акции Винница, Verto двери отзывы Винница;/uploads/интерьеры-сайт-300x300.jpg;Купить шпонированные двери Verto в Виннице;Verto Двери, двери с четвертью, купить двери Verto в Виннице;Вы можете купить межкомнатные двери Verto в Виннице по доступным ценам магазин DOOR IN ул. Замостянская 25.;Межкомнатные двери Verto Винница, Verto двери в Виннице, Где купить Verto межкомнатные двери в Виннице, Магазины Verto дверей Винница, Verto двери цены Винница, Межкомнатные двери Verto Винницкая область, Verto двери продажа Винница, Двери Verto каталог Винница, Verto межкомнатные двери акции Винница, Verto двери отзывы Винница;1,5;0;1;1;1250;;1250
Lada группа D;lada gruppa d;1241;verto/;Межкомнатные двери Verto Винница, Verto двери в Виннице, Где купить Verto межкомнатные двери в Виннице, Магазины Verto дверей Винница, Verto двери цены Винница, Межкомнатные двери Verto Винницкая область, Verto двери продажа Винница, Двери Verto каталог Винница, Verto межкомнатные двери акции Винница, Verto двери отзывы Винница;/uploads/интерьеры-лада-д-300x300.jpg;Купить шпонированные двери Verto в Виннице;Verto Двери, двери с четвертью, купить двери Verto в Виннице;Вы можете купить межкомнатные двери Verto в Виннице по доступным ценам магазин DOOR IN ул. Замостянская 25.;Межкомнатные двери Verto Винница, Verto двери в Виннице, Где купить Verto межкомнатные двери в Виннице, Магазины Verto дверей Винница, Verto двери цены Винница, Межкомнатные двери Verto Винницкая область, Verto двери продажа Винница, Двери Verto каталог Винница, Verto межкомнатные двери акции Винница, Verto двери отзывы Винница;1,5;0;1;1;1251;;1251
Nika;nika;1241;verto/;Межкомнатные двери Verto Винница, Verto двери в Виннице, Где купить Verto межкомнатные двери в Виннице, Магазины Verto дверей Винница, Verto двери цены Винница, Межкомнатные двери Verto Винницкая область, Verto двери продажа Винница, Двери Verto каталог Винница, Verto межкомнатные двери акции Винница, Verto двери отзывы Винница;/uploads/Ника-интерьеры-сайт-300x300.jpg;Купить шпонированные двери Verto в Виннице;Verto Двери, двери с четвертью, купить двери Verto в Виннице;Вы можете купить межкомнатные двери Verto в Виннице по доступным ценам магазин DOOR IN ул. Замостянская 25.;Межкомнатные двери Verto Винница, Verto двери в Виннице, Где купить Verto межкомнатные двери в Виннице, Магазины Verto дверей Винница, Verto двери цены Винница, Межкомнатные двери Verto Винницкая область, Verto двери продажа Винница, Двери Verto каталог Винница, Verto межкомнатные двери акции Винница, Verto двери отзывы Винница;1,5;0;1;1;1252;;1252
Lisa;lisa;1241;verto/;Межкомнатные двери Verto Винница, Verto двери в Виннице, Где купить Verto межкомнатные двери в Виннице, Магазины Verto дверей Винница, Verto двери цены Винница, Межкомнатные двери Verto Винницкая область, Verto двери продажа Винница, Двери Verto каталог Винница, Verto межкомнатные двери акции Винница, Verto двери отзывы Винница;/uploads/интерьеры-лиса-300x300.jpg;Купить шпонированные двери Verto в Виннице;Verto Двери, двери с четвертью, купить двери Verto в Виннице;Вы можете купить межкомнатные двери Verto в Виннице по доступным ценам магазин DOOR IN ул. Замостянская 25.;Межкомнатные двери Verto Винница, Verto двери в Виннице, Где купить Verto межкомнатные двери в Виннице, Магазины Verto дверей Винница, Verto двери цены Винница, Межкомнатные двери Verto Винницкая область, Verto двери продажа Винница, Двери Verto каталог Винница, Verto межкомнатные двери акции Винница, Verto двери отзывы Винница;1,5;0;1;1;1253;;1253
Lada-Concept;lada-concept;1241;verto/;Межкомнатные двери Verto Винница, Verto двери в Виннице, Где купить Verto межкомнатные двери в Виннице, Магазины Verto дверей Винница, Verto двери цены Винница, Межкомнатные двери Verto Винницкая область, Verto двери продажа Винница, Двери Verto каталог Винница, Verto межкомнатные двери акции Винница, Verto двери отзывы Винница;/uploads/интерьеры-концепт-1-300x300.jpg;Купить шпонированные двери Verto в Виннице;Verto Двери, двери с четвертью, купить двери Verto в Виннице;Вы можете купить межкомнатные двери Verto в Виннице по доступным ценам магазин DOOR IN ул. Замостянская 25.;Межкомнатные двери Verto Винница, Verto двери в Виннице, Где купить Verto межкомнатные двери в Виннице, Магазины Verto дверей Винница, Verto двери цены Винница, Межкомнатные двери Verto Винницкая область, Verto двери продажа Винница, Двери Verto каталог Винница, Verto межкомнатные двери акции Винница, Verto двери отзывы Винница;1,5;0;1;1;1254;;1254
Lada-Nova;lada-nova;1241;verto/;Межкомнатные двери Verto Винница, Verto двери в Виннице, Где купить Verto межкомнатные двери в Виннице, Магазины Verto дверей Винница, Verto двери цены Винница, Межкомнатные двери Verto Винницкая область, Verto двери продажа Винница, Двери Verto каталог Винница, Verto межкомнатные двери акции Винница, Verto двери отзывы Винница;/uploads/интерьеры-лада-нова-300x300.jpg;Купить шпонированные двери Verto в Виннице;Verto Двери, двери с четвертью, купить двери Verto в Виннице;Вы можете купить межкомнатные двери Verto в Виннице по доступным ценам магазин DOOR IN ул. Замостянская 25.;Межкомнатные двери Verto Винница, Verto двери в Виннице, Где купить Verto межкомнатные двери в Виннице, Магазины Verto дверей Винница, Verto двери цены Винница, Межкомнатные двери Verto Винницкая область, Verto двери продажа Винница, Двери Verto каталог Винница, Verto межкомнатные двери акции Винница, Verto двери отзывы Винница;1,5;0;1;1;1255;;1255
Mira;mira;1241;verto/;Межкомнатные двери Verto Винница, Verto двери в Виннице, Где купить Verto межкомнатные двери в Виннице, Магазины Verto дверей Винница, Verto двери цены Винница, Межкомнатные двери Verto Винницкая область, Verto двери продажа Винница, Двери Verto каталог Винница, Verto межкомнатные двери акции Винница, Verto двери отзывы Винница;/uploads/интерьеры-сайт-1-300x300.jpg;Купить шпонированные двери Verto в Виннице;Verto Двери, двери с четвертью, купить двери Verto в Виннице;Вы можете купить межкомнатные двери Verto в Виннице по доступным ценам магазин DOOR IN ул. Замостянская 25.;Межкомнатные двери Verto Винница, Verto двери в Виннице, Где купить Verto межкомнатные двери в Виннице, Магазины Verto дверей Винница, Verto двери цены Винница, Межкомнатные двери Verto Винницкая область, Verto двери продажа Винница, Двери Verto каталог Винница, Verto межкомнатные двери акции Винница, Verto двери отзывы Винница;1,5;0;1;1;1256;;1256
Tiana;tiana;1241;verto/;Межкомнатные двери Verto Винница, Verto двери в Виннице, Где купить Verto межкомнатные двери в Виннице, Магазины Verto дверей Винница, Verto двери цены Винница, Межкомнатные двери Verto Винницкая область, Verto двери продажа Винница, Двери Verto каталог Винница, Verto межкомнатные двери акции Винница, Verto двери отзывы Винница;/uploads/интерьеры-сайт-2-300x300.jpg;Купить шпонированные двери Verto в Виннице;Verto Двери, двери с четвертью, купить двери Verto в Виннице;Вы можете купить межкомнатные двери Verto в Виннице по доступным ценам магазин DOOR IN ул. Замостянская 25.;Межкомнатные двери Verto Винница, Verto двери в Виннице, Где купить Verto межкомнатные двери в Виннице, Магазины Verto дверей Винница, Verto двери цены Винница, Межкомнатные двери Verto Винницкая область, Verto двери продажа Винница, Двери Verto каталог Винница, Verto межкомнатные двери акции Винница, Verto двери отзывы Винница;1,5;0;1;1;1257;;1257
Lada-Loft;lada-loft;1241;verto/;Межкомнатные двери Verto Винница, Verto двери в Виннице, Где купить Verto межкомнатные двери в Виннице, Магазины Verto дверей Винница, Verto двери цены Винница, Межкомнатные двери Verto Винницкая область, Verto двери продажа Винница, Двери Verto каталог Винница, Verto межкомнатные двери акции Винница, Verto двери отзывы Винница;/uploads/интерьеры-сайт-3-300x300.jpg;Купить шпонированные двери Verto в Виннице;Verto Двери, двери с четвертью, купить двери Verto в Виннице;Вы можете купить межкомнатные двери Verto в Виннице по доступным ценам магазин DOOR IN ул. Замостянская 25.;Межкомнатные двери Verto Винница, Verto двери в Виннице, Где купить Verto межкомнатные двери в Виннице, Магазины Verto дверей Винница, Verto двери цены Винница, Межкомнатные двери Verto Винницкая область, Verto двери продажа Винница, Двери Verto каталог Винница, Verto межкомнатные двери акции Винница, Verto двери отзывы Винница;1,5;0;1;1;1258;;1258
Linda;linda;1241;verto/;Межкомнатные двери Verto Винница, Verto двери в Виннице, Где купить Verto межкомнатные двери в Виннице, Магазины Verto дверей Винница, Verto двери цены Винница, Межкомнатные двери Verto Винницкая область, Verto двери продажа Винница, Двери Verto каталог Винница, Verto межкомнатные двери акции Винница, Verto двери отзывы Винница;/uploads/интерьеры-сайт-4-300x300.jpg;Купить шпонированные двери Verto в Виннице;Verto Двери, двери с четвертью, купить двери Verto в Виннице;Вы можете купить межкомнатные двери Verto в Виннице по доступным ценам магазин DOOR IN ул. Замостянская 25.;Межкомнатные двери Verto Винница, Verto двери в Виннице, Где купить Verto межкомнатные двери в Виннице, Магазины Verto дверей Винница, Verto двери цены Винница, Межкомнатные двери Verto Винницкая область, Verto двери продажа Винница, Двери Verto каталог Винница, Verto межкомнатные двери акции Винница, Verto двери отзывы Винница;1,5;0;1;1;1259;;1259
Eva;eva;1241;verto/;Межкомнатные двери Verto Винница, Verto двери в Виннице, Где купить Verto межкомнатные двери в Виннице, Магазины Verto дверей Винница, Verto двери цены Винница, Межкомнатные двери Verto Винницкая область, Verto двери продажа Винница, Двери Verto каталог Винница, Verto межкомнатные двери акции Винница, Verto двери отзывы Винница;/uploads/интерьеры-сайт-5-300x300.jpg;Купить шпонированные двери Verto в Виннице;Verto Двери, двери с четвертью, купить двери Verto в Виннице;Вы можете купить межкомнатные двери Verto в Виннице по доступным ценам магазин DOOR IN ул. Замостянская 25.;Межкомнатные двери Verto Винница, Verto двери в Виннице, Где купить Verto межкомнатные двери в Виннице, Магазины Verto дверей Винница, Verto двери цены Винница, Межкомнатные двери Verto Винницкая область, Verto двери продажа Винница, Двери Verto каталог Винница, Verto межкомнатные двери акции Винница, Verto двери отзывы Винница;1,5;0;1;1;1260;;1260
Trend;trend;1241;verto/;Межкомнатные двери Verto Винница, Verto двери в Виннице, Где купить Verto межкомнатные двери в Виннице, Магазины Verto дверей Винница, Verto двери цены Винница, Межкомнатные двери Verto Винницкая область, Verto двери продажа Винница, Двери Verto каталог Винница, Verto межкомнатные двери акции Винница, Verto двери отзывы Винница;/uploads/интерьеры-сайт-6-300x300.jpg;Купить шпонированные двери Verto в Виннице;Verto Двери, двери с четвертью, купить двери Verto в Виннице;Вы можете купить межкомнатные двери Verto в Виннице по доступным ценам магазин DOOR IN ул. Замостянская 25.;Межкомнатные двери Verto Винница, Verto двери в Виннице, Где купить Verto межкомнатные двери в Виннице, Магазины Verto дверей Винница, Verto двери цены Винница, Межкомнатные двери Verto Винницкая область, Verto двери продажа Винница, Двери Verto каталог Винница, Verto межкомнатные двери акции Винница, Verto двери отзывы Винница;1,5;0;1;1;1261;;1261
Модерн;modern;1241;verto/;Межкомнатные двери Verto Винница, Verto двери в Виннице, Где купить Verto межкомнатные двери в Виннице, Магазины Verto дверей Винница, Verto двери цены Винница, Межкомнатные двери Verto Винницкая область, Verto двери продажа Винница, Двери Verto каталог Винница, Verto межкомнатные двери акции Винница, Verto двери отзывы Винница;/uploads/интерьеры-сайт-8-300x300.jpg;Купить шпонированные двери Verto в Виннице;Verto Двери, двери с четвертью, купить двери Verto в Виннице;Вы можете купить межкомнатные двери Verto в Виннице по доступным ценам магазин DOOR IN ул. Замостянская 25.;Межкомнатные двери Verto Винница, Verto двери в Виннице, Где купить Verto межкомнатные двери в Виннице, Магазины Verto дверей Винница, Verto двери цены Винница, Межкомнатные двери Verto Винницкая область, Verto двери продажа Винница, Двери Verto каталог Винница, Verto межкомнатные двери акции Винница, Verto двери отзывы Винница;1,5;0;1;1;1262;;1262
Полло;pollo;1241;verto/;Межкомнатные двери Verto Винница, Verto двери в Виннице, Где купить Verto межкомнатные двери в Виннице, Магазины Verto дверей Винница, Verto двери цены Винница, Межкомнатные двери Verto Винницкая область, Verto двери продажа Винница, Двери Verto каталог Винница, Verto межкомнатные двери акции Винница, Verto двери отзывы Винница;/uploads/интерьеры-сайт-7-300x300.jpg;Купить шпонированные двери Verto в Виннице;Verto Двери, двери с четвертью, купить двери Verto в Виннице;Вы можете купить межкомнатные двери Verto в Виннице по доступным ценам магазин DOOR IN ул. Замостянская 25.;Межкомнатные двери Verto Винница, Verto двери в Виннице, Где купить Verto межкомнатные двери в Виннице, Магазины Verto дверей Винница, Verto двери цены Винница, Межкомнатные двери Verto Винницкая область, Verto двери продажа Винница, Двери Verto каталог Винница, Verto межкомнатные двери акции Винница, Verto двери отзывы Винница;1,5;0;1;1;1263;;1263
Линея;lineya;1241;verto/;Межкомнатные двери Verto Винница, Verto двери в Виннице, Где купить Verto межкомнатные двери в Виннице, Магазины Verto дверей Винница, Verto двери цены Винница, Межкомнатные двери Verto Винницкая область, Verto двери продажа Винница, Двери Verto каталог Винница, Verto межкомнатные двери акции Винница, Verto двери отзывы Винница;/uploads/Лінея-300x300.jpg;Купить шпонированные двери Verto в Виннице;Verto Двери, двери с четвертью, купить двери Verto в Виннице;Вы можете купить межкомнатные двери Verto в Виннице по доступным ценам магазин DOOR IN ул. Замостянская 25.;Межкомнатные двери Verto Винница, Verto двери в Виннице, Где купить Verto межкомнатные двери в Виннице, Магазины Verto дверей Винница, Verto двери цены Винница, Межкомнатные двери Verto Винницкая область, Verto двери продажа Винница, Двери Verto каталог Винница, Verto межкомнатные двери акции Винница, Verto двери отзывы Винница;1,5;0;1;1;1264;;1264
Лайн;lajn;1241;verto/;Межкомнатные двери Verto Винница, Verto двери в Виннице, Где купить Verto межкомнатные двери в Виннице, Магазины Verto дверей Винница, Verto двери цены Винница, Межкомнатные двери Verto Винницкая область, Verto двери продажа Винница, Двери Verto каталог Винница, Verto межкомнатные двери акции Винница, Verto двери отзывы Винница;/uploads/Лайн-300x300.jpg;Купить шпонированные двери Verto в Виннице;Verto Двери, двери с четвертью, купить двери Verto в Виннице;Вы можете купить межкомнатные двери Verto в Виннице по доступным ценам магазин DOOR IN ул. Замостянская 25.;Межкомнатные двери Verto Винница, Verto двери в Виннице, Где купить Verto межкомнатные двери в Виннице, Магазины Verto дверей Винница, Verto двери цены Винница, Межкомнатные двери Verto Винницкая область, Verto двери продажа Винница, Двери Verto каталог Винница, Verto межкомнатные двери акции Винница, Verto двери отзывы Винница;1,5;0;1;1;1265;;1265
Элегант;elegant;1241;verto/;Межкомнатные двери Verto Винница, Verto двери в Виннице, Где купить Verto межкомнатные двери в Виннице, Магазины Verto дверей Винница, Verto двери цены Винница, Межкомнатные двери Verto Винницкая область, Verto двери продажа Винница, Двери Verto каталог Винница, Verto межкомнатные двери акции Винница, Verto двери отзывы Винница;/uploads/Елегант-300x300.jpg;Купить шпонированные двери Verto в Виннице;Verto Двери, двери с четвертью, купить двери Verto в Виннице;Вы можете купить межкомнатные двери Verto в Виннице по доступным ценам магазин DOOR IN ул. Замостянская 25.;Межкомнатные двери Verto Винница, Verto двери в Виннице, Где купить Verto межкомнатные двери в Виннице, Магазины Verto дверей Винница, Verto двери цены Винница, Межкомнатные двери Verto Винницкая область, Verto двери продажа Винница, Двери Verto каталог Винница, Verto межкомнатные двери акции Винница, Verto двери отзывы Винница;1,5;0;1;1;1266;;1266
Гласфорд;glasford;1241;verto/;Межкомнатные двери Verto Винница, Verto двери в Виннице, Где купить Verto межкомнатные двери в Виннице, Магазины Verto дверей Винница, Verto двери цены Винница, Межкомнатные двери Verto Винницкая область, Verto двери продажа Винница, Двери Verto каталог Винница, Verto межкомнатные двери акции Винница, Verto двери отзывы Винница;/uploads/35-300x300.jpg;Купить шпонированные двери Verto в Виннице;Verto Двери, двери с четвертью, купить двери Verto в Виннице;Вы можете купить межкомнатные двери Verto в Виннице по доступным ценам магазин DOOR IN ул. Замостянская 25.;Межкомнатные двери Verto Винница, Verto двери в Виннице, Где купить Verto межкомнатные двери в Виннице, Магазины Verto дверей Винница, Verto двери цены Винница, Межкомнатные двери Verto Винницкая область, Verto двери продажа Винница, Двери Verto каталог Винница, Verto межкомнатные двери акции Винница, Verto двери отзывы Винница;1,5;0;1;1;1267;;1267
Доборы;dobory;1241;verto/;Межкомнатные двери Verto Винница, Verto двери в Виннице, Где купить Verto межкомнатные двери в Виннице, Магазины Verto дверей Винница, Verto двери цены Винница, Межкомнатные двери Verto Винницкая область, Verto двери продажа Винница, Двери Verto каталог Винница, Verto межкомнатные двери акции Винница, Verto двери отзывы Винница;/uploads/Добори-300x300.jpg;Купить шпонированные двери Verto в Виннице;Verto Двери, двери с четвертью, купить двери Verto в Виннице;Вы можете купить межкомнатные двери Verto в Виннице по доступным ценам магазин DOOR IN ул. Замостянская 25.;Межкомнатные двери Verto Винница, Verto двери в Виннице, Где купить Verto межкомнатные двери в Виннице, Магазины Verto дверей Винница, Verto двери цены Винница, Межкомнатные двери Verto Винницкая область, Verto двери продажа Винница, Двери Verto каталог Винница, Verto межкомнатные двери акции Винница, Verto двери отзывы Винница;1,5;0;1;1;1268;;1268
Доборы-LADA;dobory-lada;1241;verto/;Межкомнатные двери Verto Винница, Verto двери в Виннице, Где купить Verto межкомнатные двери в Виннице, Магазины Verto дверей Винница, Verto двери цены Винница, Межкомнатные двери Verto Винницкая область, Verto двери продажа Винница, Двери Verto каталог Винница, Verto межкомнатные двери акции Винница, Verto двери отзывы Винница;/uploads/Lada-доборы-300x300.jpg;Купить шпонированные двери Verto в Виннице;Verto Двери, двери с четвертью, купить двери Verto в Виннице;Вы можете купить межкомнатные двери Verto в Виннице по доступным ценам магазин DOOR IN ул. Замостянская 25.;Межкомнатные двери Verto Винница, Verto двери в Виннице, Где купить Verto межкомнатные двери в Виннице, Магазины Verto дверей Винница, Verto двери цены Винница, Межкомнатные двери Verto Винницкая область, Verto двери продажа Винница, Двери Verto каталог Винница, Verto межкомнатные двери акции Винница, Verto двери отзывы Винница;1,5;0;1;1;1269;;1269
